{
  "parent": "item/generated",
  "textures": {
    "layer0": "block/black_stained_glass"
  },
  "overrides": [
    {
      "predicate": {
        "custom_model_data": 11130069
      },
      "model": "waystones_rp:custom_gui/waystone/button/filler"
    },
    {"predicate": {"custom_model_data": 11130070},"model": "waystones_rp:custom_gui/waystone/background/background_0"},
    {"predicate": {"custom_model_data": 11130071},"model": "waystones_rp:custom_gui/waystone/background/background_1"},
    {"predicate": {"custom_model_data": 11130072},"model": "waystones_rp:custom_gui/waystone/background/background_2"},
    {"predicate": {"custom_model_data": 11130073},"model": "waystones_rp:custom_gui/waystone/background/background_3"},
    {"predicate": {"custom_model_data": 11130074},"model": "waystones_rp:custom_gui/waystone/background/background_4"},
    {"predicate": {"custom_model_data": 11130075},"model": "waystones_rp:custom_gui/waystone/background/background_5"},
    {"predicate": {"custom_model_data": 11130076},"model": "waystones_rp:custom_gui/waystone/background/background_6"},
    {"predicate": {"custom_model_data": 11130077},"model": "waystones_rp:custom_gui/waystone/background/background_7"},
    {"predicate": {"custom_model_data": 11130078},"model": "waystones_rp:custom_gui/waystone/background/background_8"},
    {"predicate": {"custom_model_data": 11130079},"model": "waystones_rp:custom_gui/waystone/background/background_9"},
    {"predicate": {"custom_model_data": 11130080},"model": "waystones_rp:custom_gui/waystone/background/background_10"},
    {"predicate": {"custom_model_data": 11130081},"model": "waystones_rp:custom_gui/waystone/background/background_11"},
    {"predicate": {"custom_model_data": 11130082},"model": "waystones_rp:custom_gui/waystone/background/background_12"},
    {"predicate": {"custom_model_data": 11130083},"model": "waystones_rp:custom_gui/waystone/background/background_13"},
    {"predicate": {"custom_model_data": 11130084},"model": "waystones_rp:custom_gui/waystone/background/background_14"},
    {"predicate": {"custom_model_data": 11130085},"model": "waystones_rp:custom_gui/waystone/background/background_15"},
    {"predicate": {"custom_model_data": 11130086},"model": "waystones_rp:custom_gui/waystone/background/background_16"},
    {"predicate": {"custom_model_data": 11130087},"model": "waystones_rp:custom_gui/waystone/background/background_17"},
    {"predicate": {"custom_model_data": 11130088},"model": "waystones_rp:custom_gui/waystone/background/background_18"}

  ]
}