{
  "parent": "item/template_skull",
  "overrides": [
    {
      "predicate": {
        "custom_model_data": 11130032
      },
      "model": "waystones_rp:item/waystone_andesite"
    },
    {
      "predicate": {
        "custom_model_data": 11130033
      },
      "model": "waystones_rp:item/waystone_sand"
    },
    {
      "predicate": {
        "custom_model_data": 11130034
      },
      "model": "waystones_rp:item/waystone_nether"
    },
    {
      "predicate": {
        "custom_model_data": 11130035
      },
      "model": "waystones_rp:item/waystone_deepslate"
    },
    {
      "predicate": {
        "custom_model_data": 11130036
      },
      "model": "waystones_rp:item/waystone_mossy"
    },
    {
      "predicate": {
        "custom_model_data": 11130037
      },
      "model": "item/player_head"
    }
  ]
}