{
    "parent": "minecraft:item/handheld",
    "textures": {
      "layer0": "item/potion_overlay",
      "layer1": "item/potion"
    },
    "overrides": [
      { "predicate": { "custom_model_data": 2750015 }, "model": "tasty_supplies:item/apple_cider" },
      { "predicate": { "custom_model_data": 2750016 }, "model": "tasty_supplies:item/glow_berry_custard" },
      { "predicate": { "custom_model_data": 2750017 }, "model": "tasty_supplies:item/hot_cocoa" },
      { "predicate": { "custom_model_data": 2750018 }, "model": "tasty_supplies:item/melon_juice" },
      { "predicate": { "custom_model_data": 2750020 }, "model": "tasty_supplies:item/apple_cider_horn" },
      { "predicate": { "custom_model_data": 2750021 }, "model": "tasty_supplies:item/glow_berry_custard_horn" },
      { "predicate": { "custom_model_data": 2750022 }, "model": "tasty_supplies:item/hot_cocoa_horn" },
      { "predicate": { "custom_model_data": 2750023 }, "model": "tasty_supplies:item/melon_juice_horn" }
    ]
}