{
    "parent": "minecraft:item/generated",
    "textures": {
      "layer0": "minecraft:item/pumpkin_pie"
    },
    "overrides": [
      { "predicate": { "custom_model_data": 2750003 }, "model": "tasty_supplies:item/apple_pie" },
      { "predicate": { "custom_model_data": 2750004 }, "model": "tasty_supplies:item/sweet_berry_cheesecake" },
      { "predicate": { "custom_model_data": 2750005 }, "model": "tasty_supplies:item/chocolate_pie" },
      { "predicate": { "custom_model_data": 2750014 }, "model": "tasty_supplies:item/glow_berry_pie" },
      { "predicate": { "custom_model_data": 2750024 }, "model": "tasty_supplies:item/apple_pie_slice" },
      { "predicate": { "custom_model_data": 2750025 }, "model": "tasty_supplies:item/sweet_berry_cheesecake_slice" },
      { "predicate": { "custom_model_data": 2750026 }, "model": "tasty_supplies:item/chocolate_pie_slice" },
      { "predicate": { "custom_model_data": 2750027 }, "model": "tasty_supplies:item/glow_berry_pie_slice" },
      { "predicate": { "custom_model_data": 2750035 }, "model": "tasty_supplies:item/cheese" },
      { "predicate": { "custom_model_data": 2750038 }, "model": "tasty_supplies:item/cheese_slice" }
    ]
}