{
	"textures": {
		"0": "minecraft:custom/empty"
	},
	"gui_light":"front",
	"elements": [
		{
			"from": [0, 0, 0],
			"to": [16, 0, 16],
			"faces": {
				"north": {"uv": [0, 0, 16, 0], "texture": "#missing"},
				"east": {"uv": [0, 0, 16, 0], "texture": "#missing"},
				"south": {"uv": [0, 0, 16, 0], "texture": "#missing"},
				"west": {"uv": [0, 0, 16, 0], "texture": "#missing"},
				"up": {"uv": [0, 0, 16, 16], "texture": "#0"},
				"down": {"uv": [0, 0, 16, 16], "texture": "#missing"}
			}
		}
	],
	"display": {
		"gui": {
			"rotation": [90, 0, 0],
			"translation":  [ 0, 0, 999 ]
		}
	}
}