{
	"credit": "Made with Blockbench",
	"textures": {
		"0": "custom/minecart/minecart"
	},
	"elements": [
		{
			"name": "Cube",
			"from": [-2.4, -2.4, -5],
			"to": [18.4, 0.2, 21],
			"faces": {
				"north": {"uv": [5.5, 6, 6, 14], "rotation": 90, "texture": "#0"},
				"east": {"uv": [0.5, 5, 5.5, 6], "texture": "#0"},
				"south": {"uv": [0, 6, 0.5, 14], "rotation": 90, "texture": "#0"},
				"west": {"uv": [5.5, 5, 10.5, 6], "texture": "#0"},
				"up": {"uv": [6, 6, 11, 14], "rotation": 90, "texture": "#0"},
				"down": {"uv": [5.5, 6, 0.5, 14], "rotation": 90, "texture": "#0"}
			}
		},
		{
			"name": "Cube",
			"from": [-2.4, 0.2, -5],
			"to": [18.4, 10.6, -2.4],
			"faces": {
				"north": {"uv": [5, 1, 9, 5], "texture": "#0"},
				"east": {"uv": [4.5, 1, 5, 5], "texture": "#0"},
				"south": {"uv": [0.5, 1, 4.5, 5], "texture": "#0"},
				"west": {"uv": [0, 1, 0.5, 5], "texture": "#0"},
				"up": {"uv": [0.5, 0, 4.5, 1], "texture": "#0"},
				"down": {"uv": [0.5, 0, 4.5, 1], "texture": "#0"}
			}
		},
		{
			"name": "Cube",
			"from": [-2.4, 0.2, 18.4],
			"to": [18.4, 10.6, 21],
			"faces": {
				"north": {"uv": [0.5, 1, 4.5, 5], "texture": "#0"},
				"east": {"uv": [0, 1, 0.5, 5], "texture": "#0"},
				"south": {"uv": [5, 1, 9, 5], "texture": "#0"},
				"west": {"uv": [4.5, 1, 5, 5], "texture": "#0"},
				"up": {"uv": [0.5, 1, 4.5, 0], "texture": "#0"},
				"down": {"uv": [0.5, 0, 4.5, 1], "texture": "#0"}
			}
		},
		{
			"name": "Cube",
			"from": [-2.4, 0.2, -2.4],
			"to": [0.2, 10.6, 18.4],
			"faces": {
				"east": {"uv": [0.5, 1, 4.5, 5], "texture": "#0"},
				"west": {"uv": [5, 1, 9, 5], "texture": "#0"},
				"up": {"uv": [0.5, 0, 4.5, 1], "rotation": 270, "texture": "#0"}
			}
		},
		{
			"name": "Cube",
			"from": [15.8, 0.2, -2.4],
			"to": [18.4, 10.6, 18.4],
			"faces": {
				"east": {"uv": [5, 1, 9, 5], "texture": "#0"},
				"west": {"uv": [0.5, 1, 4.5, 5], "texture": "#0"},
				"up": {"uv": [0.5, 0, 4.5, 1], "rotation": 90, "texture": "#0"}
			}
		}
	]
}